True_label,LR_prob,xgb_preds,lgb_preds
1.0,0.8239990723187126,0.75153106,0.7320038961052556
1.0,0.800807689270485,0.83716005,0.8394761944361028
1.0,0.8707393304360906,0.85974336,0.919407644872346
0.0,0.30311955063095525,0.18355478,0.25951482491285105
0.0,0.20630448375207866,0.12343775,0.23977096621039995
0.0,0.30202453882907837,0.18196422,0.26230959684222266
0.0,0.30103098383496535,0.18196422,0.28536725355889286
0.0,0.28755913495281527,0.18355478,0.1783225384290136
1.0,0.8675906129305286,0.7741378,0.8579155471753649
1.0,0.8609758336717876,0.8636249,0.9128908603659949
0.0,0.8501177883235641,0.6976347,0.8162216447564309
1.0,0.8026053947431656,0.68805635,0.829632230851815
1.0,0.8647752014132073,0.8536246,0.8861656369071375
1.0,0.8524273793905582,0.74984413,0.8551315232324886
1.0,0.6668865426669409,0.58557546,0.7381229644327761
0.0,0.239480012222121,0.17952201,0.23034893148268065
1.0,0.9168413319732313,0.95966715,0.9722883648298081
1.0,0.9151545611613913,0.95233613,0.9572025050578378
1.0,0.4434680782418085,0.4392557,0.45566573645173447
1.0,0.6152054324229473,0.6136983,0.4761607181693711
0.0,0.3005017851887762,0.18355478,0.25951482491285105
0.0,0.3046181664503902,0.17178977,0.26230959684222266
0.0,0.3036347051872295,0.17952201,0.3110422955847678
0.0,0.8154944216922089,0.60289365,0.49459759849042695
0.0,0.7012246857501594,0.6067453,0.7965233424232413
1.0,0.8712262577162576,0.8849484,0.9278817811809584
0.0,0.2070779936229895,0.16452149,0.23977096621039995
0.0,0.3010405996318967,0.15526967,0.26230959684222266
0.0,0.3039433197203602,0.15526967,0.26230959684222266
0.0,0.3012222169486823,0.15526967,0.26230959684222266
0.0,0.3118948135421095,0.40758845,0.47011962116683037
1.0,0.868304167035697,0.8502862,0.8854824746851735
1.0,0.8532765150962013,0.8309154,0.8691240153641445
1.0,0.8631333190040672,0.8754328,0.936332327690323
0.0,0.3075045985395554,0.15824413,0.40533498551489816
0.0,0.34260407746382016,0.3105084,0.28639984002750946
0.0,0.2111227376152252,0.13235278,0.23977096621039995
0.0,0.4178987918024512,0.4350918,0.481932020790909
1.0,0.871030409296764,0.8363887,0.9185481597752415
1.0,0.870811358752104,0.8609351,0.9153412860826956
1.0,0.871070200460744,0.8363887,0.9185481597752415
0.0,0.3192665699802364,0.35231408,0.5308754125324682
0.0,0.3025054063898916,0.18355478,0.25951482491285105
0.0,0.3029549523607414,0.1125834,0.2324901555282025
0.0,0.25700775684971094,0.1828755,0.246182633036886
0.0,0.306851391315224,0.18651117,0.2882716082119391
0.0,0.36117759097126495,0.4376106,0.44521470654997336
1.0,0.8709536650338285,0.8363887,0.9185481597752415
1.0,0.8681357778429915,0.8849484,0.911448139765718
0.0,0.8689709337604714,0.8536246,0.887065286075191
1.0,0.8710319071420831,0.8849484,0.9278817811809584
1.0,0.8680616465853012,0.8077424,0.8812952672098893
1.0,0.8709017559082682,0.8363887,0.9185481597752415
0.0,0.3147252675801873,0.1528491,0.26120107465517717
0.0,0.30676077053010564,0.31361115,0.4006683930005685
0.0,0.3122048616056472,0.34849194,0.5439642946101352
0.0,0.30344748054089027,0.4553721,0.4618273526763852
0.0,0.3098893965820734,0.35201454,0.5327762296089247
0.0,0.37120951079240316,0.44311938,0.43648671452992927
1.0,0.8708572575031198,0.8417867,0.919407644872346
1.0,0.8567339249091747,0.88105536,0.9477886639160363
1.0,0.7876322459218292,0.7420781,0.7527121181144203
0.0,0.4394430639540524,0.44480968,0.45566573645173447
1.0,0.917980794221597,0.9857303,0.990882513712372
1.0,0.9180290452777339,0.9946439,0.9990295123914198
1.0,0.9180713563089307,0.98860055,0.9919994880607566
1.0,0.9181129576721223,0.98870987,0.9894263079882265
1.0,0.8599647220558563,0.8309154,0.8712674747104404
1.0,0.8706685417293378,0.8621435,0.8891957866287972
1.0,0.8702255363361505,0.8609351,0.9153412860826956
1.0,0.8712334408036281,0.8754328,0.9236283740700975
1.0,0.8692547560558296,0.85672206,0.8814258782194819
1.0,0.8678456235609636,0.8536246,0.882757882556931
0.0,0.21689083916815605,0.31790867,0.40369357763818925
0.0,0.3150624924457035,0.4004249,0.5503705647395025
0.0,0.21970715086489773,0.37050316,0.4475851594120275
1.0,0.8552754063701816,0.8282707,0.8766151863152967
1.0,0.8031319153807134,0.8230687,0.7272907055466811
0.0,0.7000378679547438,0.61659294,0.45098178046995613
0.0,0.4820810147022832,0.48117363,0.4760784417774422
0.0,0.46763579876221695,0.47250584,0.4570069644296725
0.0,0.7173301045358759,0.6085484,0.6831496742826366
1.0,0.8141270042370812,0.60591996,0.4401354114864398
1.0,0.8603624104745161,0.82393867,0.7573117726488157
1.0,0.8467508935885127,0.6064588,0.49345151778827606
1.0,0.8701927995545197,0.8363887,0.9185481597752415
1.0,0.8709686335839464,0.8849484,0.9278817811809584
1.0,0.8714034144143504,0.8554997,0.9240383280106683
1.0,0.8652565117553846,0.78935975,0.8443185496316165
0.0,0.313668942798748,0.41407287,0.47739151862546636
0.0,0.3699433096556481,0.44347918,0.4646800562061437
0.0,0.8190712397189612,0.68805635,0.8222464673614822
1.0,0.806945992315784,0.68805635,0.7886540968778264
0.0,0.8681541527158368,0.8590741,0.8811227919290376
0.0,0.5704153498043061,0.50331825,0.6593673255489969
0.0,0.7738053051822624,0.5968863,0.48609461320700936
1.0,0.36296032508197956,0.4136937,0.47102656329359144
0.0,0.7462446178817204,0.60054237,0.4620823943635333
0.0,0.30044595001532975,0.15842798,0.26230959684222266
0.0,0.29981660682375083,0.15085405,0.2358618445446254
0.0,0.3005000116253233,0.15526967,0.28536725355889286
0.0,0.30176056737915175,0.18651117,0.26230959684222266
0.0,0.30027663100607155,0.15085405,0.28536725355889286
0.0,0.30169067104017616,0.17178977,0.26230959684222266
0.0,0.3014017093660187,0.19177726,0.26230959684222266
0.0,0.30115244914517014,0.15282378,0.26230959684222266
0.0,0.3048882634228136,0.15282378,0.26230959684222266
0.0,0.3042475985083942,0.17178977,0.26230959684222266
0.0,0.3034673769765205,0.18355478,0.25951482491285105
0.0,0.304267624840741,0.17952201,0.25295390720886934
0.0,0.3272564410748298,0.4129821,0.48846460523373975
0.0,0.5253344703111356,0.49080762,0.5376840363253452
1.0,0.5830053683425581,0.5184713,0.5895373255647035
0.0,0.7092024195855817,0.6968182,0.9342124738214159
0.0,0.6226334709629697,0.5480692,0.6885081210371813
0.0,0.3062222773041434,0.17952201,0.25295390720886934
0.0,0.2930246540186145,0.14506909,0.18045601839877132
0.0,0.3295572965532392,0.15467525,0.19873946375957083
0.0,0.2130055413739106,0.1503063,0.3381968298697578
0.0,0.3261086639785338,0.35231408,0.5308754125324682
0.0,0.30213707209908425,0.17952201,0.25295390720886934
0.0,0.20589015988008635,0.13074942,0.26154986145311443
0.0,0.301175409847742,0.25182885,0.28536725355889286
0.0,0.3010524989845926,0.17689836,0.28536725355889286
0.0,0.3018591643185109,0.18355478,0.27714707391259297
0.0,0.30170807170270303,0.17952201,0.2703031083843988
0.0,0.30182564572630594,0.15526967,0.26230959684222266
0.0,0.40566653237418987,0.4350918,0.4646800562061437
0.0,0.3431549712664496,0.44536915,0.5188357558584555
0.0,0.2060375252959096,0.11284072,0.19600606017229985
0.0,0.2056553476171137,0.11284072,0.21493359136861298
0.0,0.3010413276322125,0.1534378,0.26230959684222266
0.0,0.2670320555329195,0.18650138,0.25429368046756634
0.0,0.23589369067629654,0.15842798,0.23292841148935992
0.0,0.30395884489987585,0.11175918,0.21415250133353042
0.0,0.30104533978100445,0.13708694,0.21559745216079934
0.0,0.3011818438035089,0.11175918,0.21415250133353042
0.0,0.31152555160400563,0.40758845,0.47011962116683037
0.0,0.30813427072841665,0.17952201,0.2882716082119391
1.0,0.8250392042664049,0.7453703,0.7074452904881731
1.0,0.8667383066728637,0.83413047,0.9162638924276355
1.0,0.8704962866245546,0.85974336,0.919407644872346
1.0,0.8708861548305717,0.8363887,0.9185481597752415
1.0,0.8694071107940059,0.85732424,0.8854824746851735
0.0,0.21874436658199375,0.3830042,0.3946011634524747
1.0,0.3162407909542755,0.41407287,0.47739151862546636
0.0,0.31052007501471546,0.3808346,0.4328673947318423
0.0,0.30507183970914703,0.31934664,0.4006683930005685
0.0,0.3159073914664287,0.41407287,0.47739151862546636
1.0,0.7174573590918427,0.6174882,0.6792384529405677
1.0,0.792224610960528,0.6207565,0.6218060908156605
0.0,0.6443870381161186,0.6136983,0.6411353324098941
1.0,0.7849652495336491,0.60844207,0.6167580490979936
0.0,0.3002102909669043,0.14960162,0.3626979117104597
0.0,0.3021984894969742,0.17952201,0.3110422955847678
0.0,0.30192554547625094,0.15282378,0.26230959684222266
0.0,0.7852437526795409,0.6750156,0.675222805009742
0.0,0.5927504983666291,0.6193753,0.8697041606249405
0.0,0.3081721214670682,0.31361115,0.4006683930005685
0.0,0.3059877675702821,0.18355478,0.25951482491285105
0.0,0.331255621329451,0.25182885,0.29537384030425906
0.0,0.4637208671036497,0.46828994,0.48628961287894434
0.0,0.42412218426253284,0.4462757,0.481932020790909
0.0,0.3550571063979325,0.43756995,0.4261312063648193
0.0,0.583018423350356,0.6336128,0.8778815455040045
0.0,0.4060624174953902,0.4350918,0.4646800562061437
0.0,0.4702134164445848,0.46828994,0.48628961287894434
0.0,0.3245095352430795,0.39573783,0.47739151862546636
0.0,0.44162871781447355,0.46828994,0.481932020790909
0.0,0.3277593649580411,0.41818455,0.4659291756120721
1.0,0.9133804772157016,0.89989454,0.9064714999767001
1.0,0.9171945670265244,0.98433477,0.9906607168036603
1.0,0.9043071553058124,0.87774,0.8147331043852345
0.0,0.820690108522918,0.59838635,0.5150000780021207
0.0,0.42604111686687823,0.45046133,0.481932020790909
0.0,0.4512870137523124,0.46828994,0.481932020790909
0.0,0.6090671980219396,0.6183046,0.8778815455040045
0.0,0.3007910741876729,0.15526967,0.28536725355889286
0.0,0.2978972734475083,0.18196422,0.26230959684222266
0.0,0.30137791538070896,0.18650138,0.26230959684222266
0.0,0.21325466396452405,0.15282378,0.23292841148935992
0.0,0.23205146315146313,0.1861936,0.18919416984896245
0.0,0.29973149981143354,0.099698044,0.23630690609188226
0.0,0.30148777479023303,0.14960162,0.33633262971488503
0.0,0.30068247777292473,0.1534378,0.26230959684222266
0.0,0.28189068000898326,0.15282378,0.18045601839877132
0.0,0.29663193747856686,0.1503063,0.40499961343826213
0.0,0.30322928645289116,0.17689836,0.26230959684222266
0.0,0.4592310219881028,0.4888272,0.48628961287894434
0.0,0.4142449303462816,0.44316012,0.4373365560938889
0.0,0.3074580251688271,0.35267887,0.4328673947318423
1.0,0.8705310144174991,0.85974336,0.919407644872346
0.0,0.30285099662400955,0.18355478,0.25951482491285105
1.0,0.30273948375845805,0.25182885,0.3110422955847678
0.0,0.30225077259337324,0.25182885,0.26230959684222266
0.0,0.39229916501958173,0.4365749,0.4646800562061437
1.0,0.6802359220523342,0.6076455,0.5860016756522838
0.0,0.3490281790598584,0.411681,0.48125369734715207
0.0,0.32656266226455116,0.32303628,0.5244313908436647
0.0,0.3592179085990093,0.43345016,0.4646800562061437
0.0,0.45751856022213855,0.4356495,0.31979359856337114
1.0,0.9144557176734692,0.89806867,0.9232095986625016
1.0,0.9094511948094924,0.95943093,0.9555149147770094
0.0,0.8106343137748245,0.6044655,0.5255692899846399
0.0,0.5942275269129025,0.6183046,0.632799352644877
0.0,0.30023446727937336,0.1534378,0.28536725355889286
1.0,0.7866250012631547,0.763449,0.7432148132903007
1.0,0.4992591933464685,0.47250584,0.37431830831998153
0.0,0.34195535121955756,0.35231408,0.3529146477481162
1.0,0.717875618435395,0.6174882,0.666880563749052
1.0,0.8689627756033701,0.8540448,0.9219451862873177
1.0,0.870821655404347,0.8609351,0.9153412860826956
1.0,0.8707707873759047,0.8609351,0.9153412860826956
1.0,0.8709268358279336,0.85974336,0.919407644872346
1.0,0.871068486157746,0.8363887,0.9185481597752415
1.0,0.8710466415902138,0.8363887,0.9185481597752415
1.0,0.7620305679078153,0.691772,0.5832132593767385
0.0,0.7360644552015903,0.6174882,0.666880563749052
1.0,0.8586537433731817,0.8540448,0.9384316037468589
1.0,0.7826448879591866,0.5968863,0.573086328787224
1.0,0.8260582161298268,0.7122358,0.5811810996148806
1.0,0.8633202789651877,0.78293234,0.8112032965547936
1.0,0.6420789819604624,0.51236403,0.40630118158017325
1.0,0.8610344529495301,0.77183455,0.8663409791335409
1.0,0.865530339157069,0.85672206,0.8560485915674333
1.0,0.9158597298531583,0.9397138,0.9566229640306663
1.0,0.9172022075242479,0.98477226,0.9926779102987926
0.0,0.9172305581921835,0.9615376,0.9637724214348145
1.0,0.917654295039203,0.9790419,0.9876024711162069
1.0,0.9173694483938465,0.95542186,0.9495238424540275
1.0,0.917929952438301,0.9803329,0.9949679751802664
1.0,0.8687843660363002,0.8590741,0.8811227919290376
1.0,0.8708964287694448,0.8596832,0.9265943722499607
0.0,0.8705060507129089,0.85672206,0.8857758865734426
1.0,0.8712410706956496,0.8754328,0.9092310018755574
1.0,0.8692885222943478,0.8528041,0.919407644872346
1.0,0.869978757430233,0.8609351,0.9219451862873177
1.0,0.2207313467227712,0.32164612,0.502488889671342
0.0,0.2998300010191563,0.15842798,0.26230959684222266
0.0,0.38265477079752286,0.4376106,0.4398896443362498
0.0,0.4007524040732886,0.44074196,0.4646800562061437
1.0,0.8676899288871738,0.7992384,0.8812952672098893
1.0,0.8689850739424707,0.85672206,0.8814258782194819
0.0,0.8673021942039034,0.8502862,0.8854824746851735
1.0,0.8322061523116037,0.6840269,0.8133521309123438
1.0,0.8677542267790536,0.8590741,0.8811227919290376
1.0,0.8164394569065057,0.6960872,0.7481106532223554
1.0,0.8292890795906575,0.6801892,0.5764778044129014
1.0,0.8686905189948818,0.8034243,0.8812952672098893
1.0,0.8515210282066336,0.693403,0.8162216447564309
1.0,0.8621998648039958,0.7992384,0.8719920463133705
1.0,0.7440374821673285,0.61565083,0.6664642155473939
1.0,0.6287007009410687,0.6183046,0.8557107296511365
0.0,0.7182623304364539,0.61570024,0.5707499431288214
0.0,0.7322624257838749,0.6174882,0.5310288408515444
0.0,0.4184814722394243,0.44074196,0.4398896443362498
1.0,0.8187810485407658,0.61188024,0.528874976031927
0.0,0.6605484143245671,0.62715805,0.7689235023774535
0.0,0.4174765630373432,0.44074196,0.44628556191994306
0.0,0.250149761219482,0.19177726,0.23292841148935992
1.0,0.8709269141350247,0.8363887,0.9185481597752415
1.0,0.8705713551031716,0.85672206,0.8857758865734426
1.0,0.8700500252683463,0.8754328,0.9236283740700975
1.0,0.8709794924046559,0.8596832,0.9265943722499607
1.0,0.8708265008489653,0.85974336,0.919407644872346
0.0,0.2894009404434172,0.15282378,0.18045601839877132
1.0,0.3056949197923285,0.35201454,0.5327762296089247
0.0,0.21548002386204762,0.17952201,0.23034893148268065
0.0,0.3333550686295282,0.4129821,0.4454320971582837
1.0,0.5068431940557473,0.50221646,0.49460402488181415
0.0,0.4383577852766876,0.4392557,0.4640836225011231
1.0,0.8298830540349118,0.60459197,0.5301529221835928
1.0,0.7020033806556474,0.6034914,0.6744568644837244
1.0,0.6810464201790981,0.6076455,0.5912284711116682
1.0,0.3481983595656631,0.41709065,0.4659291756120721
0.0,0.4956626744598023,0.43427342,0.335032990548837
1.0,0.5309734244929301,0.50949097,0.49016065041905615
1.0,0.4207557671445271,0.4365749,0.44628556191994306
0.0,0.7461748763088594,0.61123854,0.636398883646829
1.0,0.8454595355910913,0.6984738,0.7368195442394165
1.0,0.8675669453321572,0.8590741,0.8556912587083787
1.0,0.869049851871989,0.8536246,0.887065286075191
0.0,0.5925546835435788,0.6193753,0.8778815455040045
0.0,0.4774469596290454,0.47250584,0.46670824163530517
1.0,0.9078905823137824,0.9037857,0.9297974653471432
1.0,0.8771945653177501,0.74976206,0.7558746861697173
1.0,0.8927871606738608,0.75702655,0.826779789151621
0.0,0.8391273351646015,0.6960872,0.8076539301629608
0.0,0.6269077582558267,0.5612427,0.5709329231396071
1.0,0.7589657105821347,0.5968863,0.48609461320700936
1.0,0.7102130672668528,0.6020893,0.46235556405376826
1.0,0.367787018633746,0.17772737,0.17376019803780607
0.0,0.30060891444193427,0.15526967,0.28536725355889286
0.0,0.7739330680756243,0.5968863,0.4951314095661969
0.0,0.7586078873699277,0.5968863,0.48609461320700936
0.0,0.6650008718608593,0.51795125,0.3897969249465352
0.0,0.5314363199172701,0.43281597,0.3244791588716077
0.0,0.6056258861727651,0.62715805,0.6732739819702063
1.0,0.8327268108708917,0.8146948,0.6687983723750834
0.0,0.8691545122797687,0.83614427,0.8812952672098893
1.0,0.8674639690909071,0.8540448,0.9188916862179735
0.0,0.28962563511982753,0.19177726,0.18045601839877132
0.0,0.3003188924805805,0.13289651,0.21559745216079934
0.0,0.3006010258643549,0.15282378,0.26230959684222266
0.0,0.20643094061599834,0.13021225,0.23977096621039995
0.0,0.3047132717840151,0.19177726,0.26230959684222266
0.0,0.3027538778517864,0.25182885,0.26230959684222266
1.0,0.8660437848255093,0.8849484,0.9484910209938321
1.0,0.7756636671760764,0.86070657,0.8883108613090593
0.0,0.8650949511343141,0.78715855,0.8261588311660616
1.0,0.8569151567527662,0.7931232,0.867321845156341
1.0,0.8674271715356312,0.8590741,0.8556912587083787
0.0,0.20732459927494548,0.13235278,0.23977096621039995
0.0,0.30410012919573376,0.3226422,0.4006683930005685
0.0,0.30095910807501547,0.15282378,0.26230959684222266
1.0,0.3823174138726911,0.4376106,0.44521470654997336
0.0,0.3239750695661845,0.41118386,0.47739151862546636
0.0,0.3048062129500062,0.15526967,0.26230959684222266
0.0,0.3001217880980078,0.16124319,0.40499961343826213
0.0,0.44988952674714755,0.4888272,0.481932020790909
0.0,0.327840734671314,0.4129821,0.48846460523373975
0.0,0.3040938941116592,0.17952201,0.25295390720886934
0.0,0.5864919845667532,0.50015044,0.5591425107305852
1.0,0.8654439894629835,0.8536246,0.8576196225346259
1.0,0.8649999459753576,0.8849484,0.9399242264277243
1.0,0.8695214381510236,0.85974336,0.919407644872346
0.0,0.3170512486683274,0.17885438,0.26120107465517717
0.0,0.3032852718378699,0.1125834,0.2324901555282025
0.0,0.31175950386841234,0.39971083,0.4328673947318423
0.0,0.31198763986779493,0.15467525,0.27663275027392703
0.0,0.3214331892877475,0.411681,0.49383056037796885
1.0,0.9129248955611223,0.98504835,0.9939085550561376
1.0,0.8692294561457025,0.80500215,0.8202844251212557
0.0,0.8333867851358321,0.6840269,0.8267958171282048
1.0,0.4566974398227291,0.41782445,0.6834881633586359
0.0,0.8619700903601735,0.85732424,0.8896564640803575
1.0,0.5697855864370013,0.6193753,0.8778815455040045
0.0,0.4801687055460918,0.4356495,0.3319514617261908
0.0,0.27883452326811925,0.15526967,0.18045601839877132
0.0,0.3021689376059508,0.15842798,0.26230959684222266
0.0,0.3010577161001816,0.15282378,0.26230959684222266
0.0,0.3038025707245422,0.15526967,0.26230959684222266
0.0,0.3248913014939184,0.11130937,0.1811799897121971
0.0,0.3088406460895659,0.16086939,0.27663275027392703
0.0,0.3005910732226303,0.11175918,0.21415250133353042
0.0,0.30439280327330615,0.18196422,0.26230959684222266
0.0,0.7369737336940996,0.6847737,0.9351739767279312
1.0,0.8704696189540866,0.85672206,0.8857758865734426
1.0,0.8709880381365372,0.8596832,0.9265943722499607
1.0,0.8709569238976009,0.8363887,0.9185481597752415
1.0,0.8709971943954841,0.8417867,0.9185481597752415
1.0,0.8701316787391897,0.8363887,0.9185481597752415
1.0,0.8711040901508311,0.8363887,0.9185481597752415
1.0,0.8707368081912262,0.8609351,0.9219451862873177
0.0,0.305534264002455,0.15526967,0.26230959684222266
0.0,0.30338751564859723,0.18651117,0.26230959684222266
0.0,0.3385890161519029,0.4334097,0.5188357558584555
0.0,0.22053001922517593,0.37677285,0.4475851594120275
1.0,0.8574024394921422,0.78293234,0.8458155206885531
1.0,0.8492233547518834,0.84885275,0.8294570822856056
1.0,0.8674156132390657,0.8536246,0.882757882556931
1.0,0.8690985140664385,0.85672206,0.8814258782194819
1.0,0.8564262248900348,0.7028407,0.7794343503705226
1.0,0.5017809216459332,0.46828994,0.4257181701822617
1.0,0.725767784159062,0.60054237,0.47714712467186177
1.0,0.9174901572871837,0.95597,0.9714249342966585
1.0,0.9174365459043434,0.97928977,0.9662757619153575
1.0,0.9174167118610269,0.9553318,0.9719416770807195
1.0,0.9178132113290839,0.9735701,0.9894381822536342
1.0,0.9175701249059686,0.947663,0.9711027569527494
1.0,0.9172741470994326,0.9483974,0.9710134396249689
0.0,0.3003346074055781,0.16124319,0.40499961343826213
0.0,0.2976591784346399,0.1503063,0.3743757674112162
0.0,0.30354274091877165,0.18355478,0.25951482491285105
0.0,0.3010081483084869,0.15282378,0.26230959684222266
0.0,0.30305148106350877,0.14960162,0.33633262971488503
1.0,0.8546949166119255,0.8563614,0.9399962417593053
1.0,0.8256395241670467,0.834734,0.7922263620678194
1.0,0.8697150955692755,0.8849484,0.9278817811809584
1.0,0.8699669188682584,0.8363887,0.9185481597752415
1.0,0.8493688621805204,0.6984738,0.7794343503705226
1.0,0.8702386380406453,0.86800295,0.8891957866287972
1.0,0.25243049124484335,0.18211578,0.23355209427434165
1.0,0.8674295367382268,0.78715855,0.8559185299994186
1.0,0.861474440322845,0.85274154,0.923707697587841
1.0,0.8688876337456969,0.8536246,0.887065286075191
1.0,0.8634398699473071,0.77183455,0.802019802210979
1.0,0.8665333436593733,0.774979,0.8364210378702444
1.0,0.8701680861544205,0.8609351,0.9219451862873177
0.0,0.5669563280565129,0.4603846,0.30187753108471943
1.0,0.8599196428485544,0.8195686,0.8766859234977687
0.0,0.8639366873912214,0.74231005,0.7969782215586507
0.0,0.8298757834039083,0.6840269,0.7558743293832421
1.0,0.867344314792622,0.77183455,0.8364210378702444
0.0,0.34400939959174803,0.40571317,0.4676869086406495
0.0,0.34624937524822197,0.44854802,0.4427142448684456
0.0,0.3331506837151329,0.41528717,0.48550761804839776
0.0,0.49303796124452737,0.43427342,0.4429530726652711
0.0,0.3862541594626324,0.46387756,0.44628556191994306
1.0,0.8618884865617847,0.7617513,0.8246023714707659
1.0,0.7899782087293928,0.8240304,0.775992299910569
0.0,0.781329261524168,0.6342231,0.6528501660865426
0.0,0.8652662591556655,0.84643674,0.8828207142081137
1.0,0.7788634406681914,0.60591996,0.5607656922290367
1.0,0.8610188064478764,0.8502862,0.8504662903668117
0.0,0.3191223187491501,0.41407287,0.47739151862546636
0.0,0.27285116432185924,0.42334267,0.4158188630890045
1.0,0.8682999370081547,0.8034243,0.8812952672098893
0.0,0.8707639560965609,0.85974336,0.919407644872346
1.0,0.8651713721449203,0.8536246,0.8576196225346259
1.0,0.8701823626139631,0.85672206,0.8857758865734426
1.0,0.8414025676148595,0.79495704,0.6535218630457035
0.0,0.8374550374142031,0.6960872,0.7249335999510703
0.0,0.8663698458233062,0.78935975,0.8366285461829944
1.0,0.8676713511730364,0.8849484,0.911448139765718
1.0,0.8698817843423855,0.85672206,0.8857758865734426
0.0,0.8686563948648696,0.8077424,0.8812952672098893
1.0,0.8621732274045567,0.70135593,0.7794343503705226
1.0,0.8701126472665549,0.8417867,0.9185481597752415
1.0,0.8701463148770013,0.8849484,0.9236283740700975
0.0,0.871015677747902,0.8363887,0.9185481597752415
1.0,0.8704421496361339,0.8596832,0.9265943722499607
1.0,0.8706607454022778,0.85672206,0.8857758865734426
1.0,0.8082079775931751,0.66424114,0.6202003588099355
0.0,0.7473132014920769,0.6034914,0.5290278033804571
1.0,0.6857965573541313,0.61570024,0.7888730261320511
0.0,0.8057298730968777,0.68093044,0.7078136474261424
0.0,0.7552778856906978,0.6050149,0.5530065191177921
1.0,0.9177426050933668,0.9781029,0.9876255946556572
0.0,0.9174991528717066,0.98201907,0.9891102019138385
1.0,0.8559852564634021,0.84729505,0.8894643881668458
0.0,0.860555820287204,0.8282707,0.878373616951173
1.0,0.8579784689335206,0.76513,0.8594783553299931
1.0,0.8701388923383938,0.8363887,0.9185481597752415
1.0,0.8651947555370064,0.8536246,0.8576196225346259
0.0,0.23664104503103414,0.25097457,0.18919416984896245
0.0,0.519630773685746,0.50221646,0.4760784417774422
0.0,0.4989965187456014,0.42308038,0.3204725983407252
0.0,0.2885221895513623,0.35588428,0.5946681733528527
1.0,0.4640788786129482,0.4190432,0.37788249660626716
0.0,0.8612563997954326,0.70135593,0.7720766047605863
1.0,0.8709699925069136,0.8849484,0.9236283740700975
1.0,0.8664115786185917,0.8790808,0.9250416382659827
0.0,0.30522647185987983,0.33004388,0.4006683930005685
0.0,0.3043517164120999,0.18863583,0.27968919011080834
0.0,0.36517964042070755,0.44347918,0.4646800562061437
1.0,0.32025955858808697,0.41118386,0.47739151862546636
0.0,0.7545587092927123,0.6174882,0.67881863835195
0.0,0.5954976588357651,0.53009915,0.6071514993269811
0.0,0.6355198573627815,0.62715805,0.8860699384637913
0.0,0.20640119295757722,0.13235278,0.23977096621039995
0.0,0.3010709926307739,0.15526967,0.26230959684222266
0.0,0.30495461211384134,0.17952201,0.25295390720886934
1.0,0.4559393951834504,0.4356495,0.43953503510721753
0.0,0.3188313310506494,0.3337965,0.5439642946101352
0.0,0.4140974435126867,0.18481947,0.12459151483600256
0.0,0.4655385315746489,0.43149346,0.33780489646981776
0.0,0.4531284646688731,0.4392557,0.44398930557988403
0.0,0.30743687315419177,0.35267887,0.4328673947318423
0.0,0.7975556138916675,0.7420781,0.6385173302585663
0.0,0.8702085387081139,0.8590741,0.8854824746851735
1.0,0.8681388580729096,0.8609351,0.8963691847255213
0.0,0.8704349778290472,0.85974336,0.919407644872346
0.0,0.2056985416433446,0.1342732,0.394111536744389
0.0,0.3015136487255137,0.15282378,0.26230959684222266
0.0,0.30087457939014695,0.17178977,0.28536725355889286
0.0,0.30031961283581204,0.1503063,0.3743757674112162
0.0,0.3008682778951393,0.15526967,0.28536725355889286
0.0,0.3080746423256826,0.35201454,0.5327762296089247
1.0,0.8587994717962835,0.70135593,0.7720766047605863
1.0,0.6592488368401024,0.56540555,0.7332259862676508
1.0,0.8679769698769123,0.83614427,0.8775146351007117
0.0,0.8532588881495846,0.6984738,0.7720766047605863
0.0,0.30253025158587993,0.18651117,0.26230959684222266
0.0,0.30167098540382176,0.15526967,0.26230959684222266
0.0,0.24918167350435594,0.24726093,0.41603196460447245
0.0,0.30606321320054186,0.31361115,0.4006683930005685
0.0,0.33997350962273043,0.41818455,0.4729446685476414
0.0,0.2684328754556943,0.1828755,0.23190502107226482
0.0,0.30900572286385264,0.18863583,0.349437960693873
0.0,0.49647431138428666,0.47250584,0.42465881720731946
0.0,0.7250034750217411,0.590834,0.5317641672134336
0.0,0.6204967612977484,0.6164686,0.6365408345891521
1.0,0.8679554742128283,0.8590741,0.8811227919290376
0.0,0.8707151330428117,0.8363887,0.9185481597752415
0.0,0.44363791419710646,0.47479716,0.4053991195063042
0.0,0.4556371109069709,0.46828994,0.48628961287894434
0.0,0.5887289671996065,0.6183046,0.8692121983175976
0.0,0.9163659592891207,0.9611488,0.9643167493978417
1.0,0.9162705304837423,0.9469111,0.9716251557145833
0.0,0.9173066177307894,0.95490235,0.9719416770807195
1.0,0.7786312686215949,0.6750156,0.635444054781255
1.0,0.8697821442920762,0.8425739,0.8799595558112844
1.0,0.8628821606678326,0.77183455,0.8690604317967627
1.0,0.8487909883439293,0.6984738,0.7368195442394165
0.0,0.8675024564435948,0.85672206,0.8560485915674333
0.0,0.810116632165987,0.78874594,0.643404776968583
0.0,0.30149471454145443,0.18650138,0.26230959684222266
0.0,0.3018358901940005,0.18651117,0.26230959684222266
0.0,0.3014853453860754,0.15526967,0.26230959684222266
0.0,0.21074390646919103,0.12739512,0.31010739477440524
0.0,0.31306815093481827,0.40758845,0.47011962116683037
1.0,0.8700467490114908,0.85732424,0.8854824746851735
1.0,0.8709397828075827,0.85974336,0.919407644872346
1.0,0.8705337352739805,0.85672206,0.8857758865734426
1.0,0.8709531727595411,0.85974336,0.919407644872346
1.0,0.8708854018425152,0.8626826,0.9153412860826956
1.0,0.8710119626054257,0.8417867,0.919407644872346
0.0,0.22967995009379816,0.18866017,0.256995511750168
0.0,0.3181048226506821,0.31726536,0.5439642946101352
0.0,0.38952816601459517,0.36379507,0.2924805940194776
0.0,0.4344581044738166,0.4392557,0.4398896443362498
1.0,0.8705681853306232,0.85672206,0.8857758865734426
1.0,0.8699802056814887,0.85672206,0.8857758865734426
0.0,0.8699325157882326,0.8590741,0.8854824746851735
0.0,0.870567483388762,0.8754328,0.9092310018755574
1.0,0.8647901579454135,0.855932,0.8861656369071375
1.0,0.8709721605979062,0.8363887,0.9185481597752415
1.0,0.8706991904569654,0.8609351,0.9219451862873177
1.0,0.8505304445078635,0.6984738,0.7720766047605863
1.0,0.6672363534870421,0.5480692,0.6548188168660657
1.0,0.8641399783246054,0.7992384,0.850598555492984
1.0,0.870031129072896,0.86800295,0.9026727198345025
0.0,0.34234652707795615,0.41818455,0.4475265719752183
1.0,0.8694496969577495,0.8536246,0.887065286075191
1.0,0.8707880994359102,0.8363887,0.9185481597752415
1.0,0.8706934391553842,0.8849484,0.9278817811809584
1.0,0.8696227427002432,0.8596832,0.9265943722499607
1.0,0.8478475748856837,0.82900935,0.7434787207188649
1.0,0.871015016225105,0.8363887,0.9185481597752415
1.0,0.6692141625371981,0.58468664,0.7230167717862788
1.0,0.9178465163034553,0.9706458,0.9906271290450402
1.0,0.9179430004037099,0.9858666,0.9955023082970229
1.0,0.9178236549177774,0.971548,0.9906271290450402
1.0,0.9177842952868703,0.97229373,0.9901227637345824
1.0,0.9180513577097315,0.98768926,0.9953061827641242
1.0,0.9180202387119042,0.98741746,0.9891371968183393
1.0,0.9179662221273164,0.9865002,0.9896558316703036
0.0,0.3012582349715488,0.19177726,0.26230959684222266
1.0,0.8469501543763855,0.6169615,0.8186586974556265
1.0,0.8605944962198573,0.81884074,0.8769987427864325
1.0,0.781454811351521,0.700652,0.8095531588774176
1.0,0.3419433640111411,0.1861936,0.24314838956755835
0.0,0.41457983245672136,0.45542017,0.4646800562061437
1.0,0.6419712981033029,0.53348064,0.6733981148335064
1.0,0.8691458545786113,0.85672206,0.8814258782194819
0.0,0.69738649555778,0.6063307,0.6474701515854019
0.0,0.49163268059238985,0.46828994,0.46802609217537205
0.0,0.6854011752289393,0.6141303,0.5314417646649174
0.0,0.8530828309749661,0.6984738,0.7794343503705226
1.0,0.7270165591840856,0.6174882,0.5680310626168463
0.0,0.5216687471234556,0.4603846,0.42794349517781505
0.0,0.5323620173831898,0.5258163,0.5087021517833337
1.0,0.8698865472775749,0.855932,0.887065286075191
1.0,0.8701725375304654,0.85732424,0.8854824746851735
1.0,0.8707229454534159,0.85974336,0.919407644872346
1.0,0.8707757599197653,0.8609351,0.9219451862873177
1.0,0.8697687906205307,0.8536246,0.887065286075191
0.0,0.6031451204987517,0.49731547,0.6184849911750684
1.0,0.3622628577716883,0.3961359,0.4431772762477612
0.0,0.5619709534276279,0.47056913,0.47458819244459305
0.0,0.6006567243347444,0.6183046,0.8579359082446604
1.0,0.8524358633833606,0.6984738,0.7794343503705226
1.0,0.8624297827092418,0.83614427,0.8810542545705636
0.0,0.8320708284366776,0.6960872,0.7634853273332649
0.0,0.8165951225429597,0.6840269,0.7479847708422358
1.0,0.8674642043244487,0.77183455,0.8364210378702444
1.0,0.8594528745139245,0.6976347,0.7794343503705226
0.0,0.85153246189825,0.7830254,0.8599190444143365
1.0,0.8662504234925636,0.78715855,0.8559185299994186
1.0,0.8486811425129444,0.85444957,0.8414404846005716
0.0,0.380136975121377,0.45513162,0.509771296883575
0.0,0.6364263915402595,0.62715805,0.8034924678149845
1.0,0.841636948936378,0.74984413,0.7768000800872509
1.0,0.8618249290695875,0.7617513,0.802019802210979
1.0,0.8700117526278609,0.8590741,0.8854824746851735
1.0,0.8708902202171892,0.86800295,0.9026727198345025
1.0,0.8707820512895145,0.8609351,0.9219451862873177
0.0,0.8569095496560875,0.84885275,0.8736737255620308
0.0,0.8524966886535885,0.7830254,0.8599190444143365
0.0,0.8128609674972977,0.68805635,0.7052695081418152
0.0,0.8659143438553712,0.77183455,0.8305510087394891
0.0,0.9179251285090768,0.9803329,0.9949679751802664
1.0,0.917833844972888,0.9486671,0.9873699770486691
1.0,0.9170953882661343,0.9881273,0.9928433226472444
0.0,0.8577803977176022,0.84885275,0.8767405818293695
0.0,0.8613184856421313,0.8502862,0.8766859234977687
0.0,0.8659203960875658,0.7617513,0.8364210378702444
0.0,0.2349196507560083,0.39554372,0.4160326638706059
0.0,0.3036427109205422,0.15282378,0.26230959684222266
0.0,0.30522081951202323,0.31361115,0.4006683930005685
0.0,0.30299494213174,0.1534378,0.26230959684222266
0.0,0.30383445662429276,0.15526967,0.26230959684222266
1.0,0.864679630247821,0.86800295,0.900847914087295
1.0,0.8689379453199801,0.85672206,0.8814258782194819
0.0,0.8622978553501944,0.75684637,0.825491037191859
1.0,0.868231696222733,0.8363887,0.9002163786829928
1.0,0.868840332028506,0.8849484,0.9278817811809584
1.0,0.8545953624577243,0.7028407,0.7368195442394165
1.0,0.869757410251567,0.8590741,0.8854824746851735
1.0,0.8049146113877843,0.6960872,0.7481106532223554
1.0,0.44015207055779454,0.4353689,0.3909118269386824
0.0,0.3578498159938789,0.43345016,0.4646800562061437
1.0,0.8694952186815135,0.8849484,0.9278817811809584
0.0,0.30113050256303925,0.17178977,0.28536725355889286
0.0,0.30082774037207455,0.14506909,0.26230959684222266
0.0,0.20962122023360436,0.1468585,0.23977096621039995
1.0,0.8474809640936682,0.69092935,0.8162216447564309
0.0,0.7324291021081427,0.6847737,0.6790368455627438
1.0,0.8610422285243746,0.8563614,0.9406878859269482
1.0,0.27691522555604564,0.19177726,0.18045601839877132
0.0,0.697839131316878,0.6977764,0.9059415308950599
0.0,0.7842612789840909,0.68320745,0.80360387241995
0.0,0.27099166911195954,0.15842798,0.23292841148935992
0.0,0.303465758060259,0.17952201,0.25295390720886934
0.0,0.783780150243886,0.68805635,0.7167944563962075
0.0,0.8617142547927694,0.8502862,0.8896564640803575
0.0,0.34733507663679386,0.43756995,0.4454320971582837
0.0,0.34266218247926195,0.411681,0.47672703219786844
0.0,0.5647693869348727,0.49731547,0.4500226495075985
0.0,0.3010805890298376,0.25182885,0.28536725355889286
0.0,0.3005672613063579,0.15282378,0.28536725355889286
0.0,0.20619529517035712,0.13235278,0.26154986145311443
0.0,0.30310290827075487,0.18650138,0.26230959684222266
0.0,0.23776793102621707,0.15526967,0.23292841148935992
0.0,0.30432127071417375,0.18355478,0.27968919011080834
0.0,0.31088609016179275,0.18866017,0.27663275027392703
0.0,0.3137789976411915,0.17114487,0.26120107465517717
0.0,0.31413379054924406,0.24641705,0.5487525924074601
0.0,0.3123211706760935,0.41370523,0.48215887675304747
0.0,0.3005413430360316,0.18650138,0.28536725355889286
0.0,0.3002359481543934,0.15526967,0.28536725355889286
0.0,0.20594114300307542,0.16452149,0.26154986145311443
0.0,0.2678867854933853,0.18196422,0.25429368046756634
0.0,0.30056995435452694,0.17689836,0.28536725355889286
0.0,0.20580515009276357,0.15583421,0.26154986145311443
0.0,0.3003771636557934,0.15526967,0.28536725355889286
0.0,0.29989325244045706,0.14960162,0.3626979117104597
0.0,0.30720181588861845,0.24726093,0.45481512637363564
0.0,0.27604217239579276,0.17178977,0.25429368046756634
0.0,0.26635392788497864,0.17178977,0.25429368046756634
0.0,0.3101161142203597,0.3808346,0.45503992002549926
0.0,0.30052237952555816,0.15526967,0.28536725355889286
0.0,0.20639894803497097,0.1468585,0.26154986145311443
0.0,0.3002209691196138,0.15526967,0.28536725355889286
0.0,0.30154780763694444,0.18651117,0.26230959684222266
0.0,0.3018638983810216,0.18355478,0.27714707391259297
0.0,0.300401056187581,0.15526967,0.28536725355889286
0.0,0.30338181684366267,0.18863583,0.27968919011080834
0.0,0.29966771030864187,0.14960162,0.41992547265558133
0.0,0.30102480629320116,0.18196422,0.26230959684222266
0.0,0.3012603995504382,0.17178977,0.26230959684222266
0.0,0.3110319078055519,0.40758845,0.48215887675304747
0.0,0.3058046064419925,0.18355478,0.25951482491285105
0.0,0.3162958900040653,0.41407287,0.47739151862546636
0.0,0.3006414937651642,0.15526967,0.28536725355889286
1.0,0.3024977787657581,0.17178977,0.26230959684222266
0.0,0.36820006640455655,0.44347918,0.4646800562061437
0.0,0.30401312527346536,0.3226422,0.49339235010521765
0.0,0.2998247428113013,0.15282378,0.28536725355889286
0.0,0.30048512107436637,0.15526967,0.28536725355889286
0.0,0.2997204368253216,0.15842798,0.28536725355889286
0.0,0.29944222341929805,0.15526967,0.26230959684222266
0.0,0.3008262408866644,0.17689836,0.28536725355889286
0.0,0.3002393709283913,0.15526967,0.26230959684222266
1.0,0.43781933541518525,0.17408021,0.33879063225036893
0.0,0.41668940778795027,0.12750417,0.28868783936173265
0.0,0.4227949694161509,0.3936795,0.5348485434954606
0.0,0.3003541261561083,0.1534378,0.28536725355889286
0.0,0.3002902745893223,0.15085405,0.28536725355889286
0.0,0.29989962060561887,0.19177726,0.28536725355889286
0.0,0.30150293257751126,0.19177726,0.26230959684222266
0.0,0.21898985000392548,0.18650138,0.25429368046756634
0.0,0.30075792942951163,0.18196422,0.28536725355889286
0.0,0.20616162992385606,0.15984716,0.26154986145311443
0.0,0.22001329361937327,0.18650138,0.25429368046756634
0.0,0.3009863004973301,0.18650138,0.26230959684222266
0.0,0.20603258361611168,0.13235278,0.26154986145311443
0.0,0.29999925863792404,0.1534378,0.28536725355889286
0.0,0.29242901012133293,0.17178977,0.19825221583904704
0.0,0.30045987091886706,0.18650138,0.28536725355889286
0.0,0.2917808170823384,0.15526967,0.19825221583904704
0.0,0.3006388233363823,0.17178977,0.28536725355889286
0.0,0.2813149299315681,0.18651117,0.19825221583904704
0.0,0.300511477541733,0.15526967,0.28536725355889286
0.0,0.29995547677695805,0.1503063,0.40191723591815876
0.0,0.3007287333884137,0.15526967,0.26230959684222266
0.0,0.30079856226139545,0.15282378,0.26230959684222266
0.0,0.30031148032701305,0.15282378,0.28536725355889286
0.0,0.3006880677727685,0.18196422,0.28536725355889286
1.0,0.8555348069846059,0.84147406,0.8721638851229823
1.0,0.8672065206604135,0.83614427,0.8767983565457481
1.0,0.8022688041574781,0.83716005,0.8394761944361028
1.0,0.8678181936601617,0.85974336,0.9012485057284507
0.0,0.3015072391111623,0.15526967,0.26230959684222266
0.0,0.2987645338155511,0.14960162,0.33633262971488503
0.0,0.2980278013906001,0.15526967,0.26230959684222266
0.0,0.2818153356294042,0.18651117,0.18045601839877132
0.0,0.30154590581540075,0.13289651,0.21559745216079934
0.0,0.2946388074824308,0.18651117,0.26230959684222266
0.0,0.3136435191127807,0.40758845,0.47011962116683037
1.0,0.8474217682686979,0.8304107,0.7331124442972873
1.0,0.8628795122232009,0.83614427,0.8803558530284024
0.0,0.863535611881598,0.83614427,0.8803558530284024
1.0,0.8004431024647293,0.6758258,0.6976975603992805
1.0,0.8705998687731527,0.8849484,0.9278817811809584
0.0,0.30195111748084724,0.18651117,0.26230959684222266
0.0,0.3055422641315943,0.31361115,0.4006683930005685
0.0,0.30500478196363595,0.17178977,0.26230959684222266
0.0,0.3040234680078821,0.18650138,0.26230959684222266
0.0,0.3042790059563409,0.17178977,0.26230959684222266
0.0,0.30550394624348,0.18355478,0.25951482491285105
0.0,0.3069655403607166,0.15842798,0.2882716082119391
0.0,0.3033178507560378,0.18355478,0.25951482491285105
0.0,0.3007373884342411,0.099698044,0.21601508520127774
0.0,0.31370776549792473,0.35201454,0.4343983089218575
0.0,0.37802150005006513,0.4134012,0.45850439045755803
0.0,0.7046436640689553,0.62400997,0.6327005367260526
0.0,0.3032471867993152,0.18355478,0.25951482491285105
0.0,0.3018143430314721,0.15526967,0.26230959684222266
0.0,0.301026400485404,0.14960162,0.39195871035854496
0.0,0.30154038904719116,0.1534378,0.26230959684222266
0.0,0.30222444262636905,0.17952201,0.3110422955847678
0.0,0.30211750001323756,0.17952201,0.3110422955847678
1.0,0.8701861110648363,0.8596832,0.9265943722499607
1.0,0.8706600861735873,0.8754328,0.9236283740700975
0.0,0.3032963012525619,0.18863583,0.27968919011080834
0.0,0.2080754247311745,0.12343775,0.23977096621039995
0.0,0.30676544344032736,0.18355478,0.25951482491285105
0.0,0.3130919070337453,0.1828755,0.27663275027392703
0.0,0.20908359714129995,0.21834414,0.23977096621039995
1.0,0.9148038817354566,0.92980057,0.938229107465812
1.0,0.9163077948584173,0.98870987,0.992910781424858
1.0,0.8097167312690365,0.68805635,0.791267653288624
1.0,0.8681244408251558,0.8849484,0.911448139765718
1.0,0.8487215542176901,0.69901127,0.7999744095798719
0.0,0.8679753759525857,0.85732424,0.8811227919290376
0.0,0.205620069491612,0.1351195,0.26154986145311443
0.0,0.3037086166071986,0.11175918,0.21415250133353042
0.0,0.31031401327260527,0.15467525,0.27663275027392703
0.0,0.3014172650910278,0.15282378,0.26230959684222266
0.0,0.3007421614291303,0.15526967,0.28536725355889286
0.0,0.20633912166488844,0.116483696,0.2231680023013306
0.0,0.32147236226964726,0.17885438,0.26120107465517717
0.0,0.3008154384990936,0.17178977,0.26230959684222266
1.0,0.8708421080746774,0.8609351,0.9153412860826956
1.0,0.870765925124683,0.8609351,0.9219451862873177
1.0,0.8708949806433329,0.8626826,0.9153412860826956
1.0,0.8702921659395378,0.8590741,0.8854824746851735
1.0,0.8709162583586683,0.85974336,0.919407644872346
1.0,0.8710785709561887,0.8363887,0.9185481597752415
1.0,0.8707719825358753,0.8609351,0.9219451862873177
0.0,0.32083020336158735,0.15467525,0.25705714905469357
0.0,0.5985201547362868,0.50015044,0.5064192056542023
0.0,0.615345645572153,0.6222338,0.5263029498299009
1.0,0.8710947470154621,0.8596832,0.9265943722499607
1.0,0.8705403829164823,0.85974336,0.919407644872346
1.0,0.8703828806529087,0.8609351,0.9153412860826956
1.0,0.8710786630805063,0.88069135,0.9265943722499607
1.0,0.8709848968973485,0.8363887,0.9185481597752415
1.0,0.8709827706011078,0.8363887,0.9185481597752415
1.0,0.8704308759202284,0.8590741,0.8920871104427261
1.0,0.5922755363166302,0.4603846,0.34778729090810395
1.0,0.8653197582253335,0.85974336,0.9407968761697139
1.0,0.8696670622460977,0.85672206,0.8857758865734426
1.0,0.8708569770764143,0.8363887,0.9185481597752415
1.0,0.8670515692498169,0.8754328,0.9063233558814211
1.0,0.8696561462263018,0.855932,0.887065286075191
1.0,0.7561909303228711,0.69285136,0.7940617365060683
1.0,0.8374164510420162,0.693403,0.7163607550598976
0.0,0.637533625807216,0.6067453,0.5066995897651326
1.0,0.9180181341432626,0.97814,0.9912876045823245
1.0,0.9181287024901075,0.9946439,0.9990295123914198
1.0,0.9180665289263171,0.98870987,0.9923553345183787
1.0,0.9180437486242127,0.9857303,0.9918466103543029
1.0,0.9173952267974922,0.98295814,0.9909862121158993
1.0,0.9180261326783266,0.9857303,0.9918466103543029
1.0,0.9180664405992182,0.98870987,0.9923553345183787
1.0,0.8649217861348897,0.78935975,0.8386772621016416
1.0,0.8647121515560248,0.8536246,0.8861656369071375
0.0,0.3015339441059635,0.1066905,0.2324901555282025
0.0,0.29380363561531286,0.1125834,0.2324901555282025
0.0,0.30143976332551103,0.13289651,0.21559745216079934
0.0,0.2688177640681917,0.11175918,0.18878495973564283
0.0,0.3049949545031868,0.25182885,0.26230959684222266
0.0,0.3031402811111402,0.15526967,0.26230959684222266
1.0,0.8706880381797105,0.8609351,0.9153412860826956
1.0,0.8707472053362145,0.8596832,0.9265943722499607
1.0,0.8708655893020972,0.8596832,0.9265943722499607
1.0,0.8022288905578213,0.8537153,0.8426342091285971
1.0,0.8701529244257311,0.8621435,0.8891957866287972
1.0,0.8706467286348639,0.8363887,0.9185481597752415
1.0,0.867660551439171,0.8363887,0.9002163786829928
1.0,0.6432229118343644,0.5480692,0.6922377604405507
1.0,0.8683016933597414,0.7992384,0.8610567920387033
1.0,0.8703122367795836,0.8363887,0.9185481597752415
1.0,0.8666262084192196,0.85974336,0.9012485057284507
1.0,0.8677200880019689,0.85210747,0.8854824746851735
1.0,0.8701277640013657,0.8596832,0.9265943722499607
0.0,0.49145546789831884,0.46828994,0.4439446094934581
1.0,0.8702952326362223,0.8609351,0.9188307850663069
1.0,0.870479945081062,0.85974336,0.919407644872346
1.0,0.8410824664300082,0.82900935,0.8206049263469952
1.0,0.8710737164220933,0.8596832,0.9265943722499607
0.0,0.40452413983876667,0.4365749,0.4646800562061437
1.0,0.31441124018048044,0.35201454,0.5519126314966272
0.0,0.6327715292300032,0.6175414,0.8715218630249819
0.0,0.6978518319223301,0.6096292,0.6368928773371014
0.0,0.29930823433025555,0.41390878,0.435108493003879
1.0,0.8395609355980486,0.60740846,0.4828831107329183
1.0,0.8317616402367105,0.73175997,0.6460113551104469
0.0,0.7271178867289443,0.5944393,0.4721332589152758
0.0,0.5019893129048874,0.47056913,0.4236775348872695
1.0,0.8601814462790938,0.8536246,0.8767405818293695
1.0,0.8432640991569837,0.76513,0.784798767771248
0.0,0.8690452028030338,0.8425739,0.8799595558112844
0.0,0.5407133741545441,0.47250584,0.41687108895734726
0.0,0.31419938455826524,0.18355478,0.24551703135497496
0.0,0.32858508886346355,0.1828755,0.24714268405005185
0.0,0.24771539833153644,0.18794207,0.48981957076144483
1.0,0.48364223542815676,0.47250584,0.48116091879778916
0.0,0.7428795319423691,0.69285136,0.9445121948340691
0.0,0.8617394452509929,0.8363887,0.9431292371642414
0.0,0.3138321460763008,0.35267887,0.4328673947318423
0.0,0.30551124924988715,0.3226422,0.49339235010521765
0.0,0.430796989883901,0.4462757,0.481932020790909
1.0,0.30469776256230763,0.15842798,0.26230959684222266
0.0,0.30383885631408336,0.15282378,0.26230959684222266
0.0,0.2097410896432395,0.08416603,0.19639524465565417
0.0,0.3006468172712647,0.11175918,0.23432165125889473
0.0,0.3730533546931188,0.44347918,0.4646800562061437
1.0,0.870782344691074,0.8849484,0.9278817811809584
1.0,0.8703535809513342,0.8417867,0.919407644872346
0.0,0.6849460987632683,0.62400997,0.6538663910043077
1.0,0.9134065222947931,0.855294,0.9070472388799864
0.0,0.38540619286915284,0.4376106,0.426976162699617
0.0,0.8502470626319928,0.8520337,0.8598085123181989
0.0,0.8475236814943007,0.6106759,0.5525440126800549
0.0,0.6618668262993058,0.4901206,0.4184613151077874
0.0,0.8623820669554462,0.7992384,0.8719920463133705
1.0,0.5891730051251988,0.52258486,0.5295015176739204
0.0,0.2103939958663349,0.16173722,0.256175820652881
0.0,0.39555843429697435,0.4365749,0.4646800562061437
0.0,0.7669268467003255,0.6890298,0.7087502338893443
1.0,0.8072849944010935,0.76111245,0.7142235064864767
0.0,0.7919211370755923,0.62504745,0.5820418392748606
0.0,0.5810570939529355,0.51511717,0.5176332532282512
0.0,0.30096436892511846,0.15526967,0.26230959684222266
0.0,0.31454421339675553,0.18582344,0.26120107465517717
0.0,0.2964683495947665,0.17178977,0.18045601839877132
0.0,0.8136649202235873,0.68805635,0.7756205873709846
0.0,0.29088268293315556,0.39776945,0.4142405708203165
0.0,0.3268231108046929,0.4268614,0.43531072826486567
0.0,0.4657598518123707,0.46484554,0.42596470316189683
0.0,0.44468014588160826,0.46828994,0.481932020790909
0.0,0.2660766609092614,0.4106595,0.5460152580369368
0.0,0.3183355075539651,0.4438709,0.5361653328297076
0.0,0.37731161712474093,0.44347918,0.4646800562061437
0.0,0.24982847583848297,0.16518243,0.2714572870417539
0.0,0.2569522479093004,0.15293838,0.2535136260838161
0.0,0.2609785040111303,0.16103448,0.24728296140821335
0.0,0.6031043801705449,0.53009915,0.49190722064904385
1.0,0.5264366771959231,0.4603846,0.4325305911821459
0.0,0.3001836032839918,0.15085405,0.26230959684222266
0.0,0.3025021193965877,0.14960162,0.33633262971488503
1.0,0.8709516501689061,0.8363887,0.9185481597752415
0.0,0.20666746711571918,0.09454548,0.19465982779571495
1.0,0.3018806172924499,0.15526967,0.26230959684222266
0.0,0.2855682787306397,0.15526967,0.18045601839877132
0.0,0.30903096918673845,0.31361115,0.4006683930005685
1.0,0.864238137788733,0.7775574,0.8526809937118038
1.0,0.8661150258289642,0.8590741,0.8556912587083787
0.0,0.8671721653464481,0.85672206,0.8560485915674333
1.0,0.8707411004359771,0.8363887,0.9185481597752415
0.0,0.30562256153782974,0.18863583,0.27968919011080834
0.0,0.30360314631545765,0.25182885,0.26230959684222266
1.0,0.8685377726194166,0.8590741,0.8854824746851735
0.0,0.4404539248305781,0.44765973,0.4256435598231596
1.0,0.8666710106342073,0.77183455,0.8364210378702444
1.0,0.8703941841435943,0.8754328,0.9236283740700975
1.0,0.8681806206814798,0.86800295,0.8812299594665232
1.0,0.8711721581173197,0.86800295,0.8891957866287972
1.0,0.9007791658148366,0.76061994,0.7930504560837767
1.0,0.9174922202846918,0.9745796,0.9894381822536342
1.0,0.9082150820349351,0.88206035,0.8497858597460755
1.0,0.9160241724029162,0.93616277,0.9640587351933579
0.0,0.8561801799682195,0.84643674,0.8721638851229823
0.0,0.30374487011405915,0.18355478,0.25951482491285105
0.0,0.30389617107006284,0.18650138,0.26230959684222266
0.0,0.3006208017715075,0.15282378,0.26230959684222266
0.0,0.8459866694250506,0.6984738,0.7720766047605863
0.0,0.8117940466704326,0.6246758,0.5190967301449809
0.0,0.8409595468258371,0.75484455,0.8036291629205534
1.0,0.845025539949479,0.6984738,0.7368195442394165
1.0,0.8702040573472939,0.8849484,0.9278817811809584
1.0,0.8069790061400387,0.6758258,0.8236581874031951
1.0,0.8545299231838308,0.7931232,0.8475231471465599
0.0,0.23986210299894345,0.15842798,0.23292841148935992
0.0,0.27194709212911317,0.15085405,0.23292841148935992
0.0,0.28846651376431576,0.18650138,0.18045601839877132
0.0,0.3040639411705027,0.25182885,0.26230959684222266
0.0,0.2765454557249738,0.35201454,0.4933611345500504
1.0,0.8699073734513822,0.85672206,0.8857758865734426
1.0,0.8620775239106417,0.8609351,0.9406878859269482
0.0,0.7754879592618296,0.5968863,0.6497106851988038
1.0,0.8698535791391532,0.8363887,0.9185481597752415
0.0,0.30962223499056835,0.35267887,0.4328673947318423
0.0,0.3026222438548038,0.17178977,0.26230959684222266
0.0,0.30641236671418476,0.18355478,0.25951482491285105
0.0,0.318119897058164,0.32303628,0.5439642946101352
1.0,0.6999329148154904,0.61570024,0.787367725258829
0.0,0.7927603630197301,0.59360546,0.573086328787224
1.0,0.9177267206020633,0.9691813,0.9924861138241183
1.0,0.9179240533821155,0.96813273,0.9846846581875054
0.0,0.9174920789674355,0.98768926,0.992454901641085
0.0,0.7117317213561234,0.6174882,0.6899164766307772
0.0,0.6245393746147341,0.6183046,0.8557107296511365
0.0,0.36604540263594354,0.3997917,0.4742867071249538
0.0,0.3124947431536169,0.40758845,0.47011962116683037
0.0,0.789397519636715,0.7468426,0.733745533949402
1.0,0.6893705642653625,0.61659294,0.3882708485046322
0.0,0.7013982795204853,0.61570024,0.701155926811096
0.0,0.7913268140291998,0.6233823,0.599968918294566
0.0,0.5930995571896351,0.6183046,0.864629646835122
0.0,0.7262013499949871,0.6174882,0.6899164766307772
0.0,0.3597255667608578,0.23312728,0.5096862055810398
0.0,0.4795823693187054,0.48117363,0.4760784417774422
0.0,0.7307878676167673,0.60579103,0.6704556288988134
0.0,0.638743209725113,0.6183046,0.8667387010393611
1.0,0.9361450880784291,0.97962797,0.9709074376264129
1.0,0.9361946506515633,0.98214704,0.9802337181634903
1.0,0.9361912405629828,0.98277885,0.972924972521835
1.0,0.9361166669773531,0.9556806,0.9633118416474985
1.0,0.9361630999480859,0.97952074,0.9772355415436045
1.0,0.9359916773544473,0.96856356,0.9668452669315353
1.0,0.9362017901396872,0.9836194,0.9881575430852081
1.0,0.9307722572993572,0.97606146,0.9807225847936263
1.0,0.9351217761292538,0.97570634,0.9787399995878071
1.0,0.9356432714435131,0.9823453,0.9617293854597571
1.0,0.9350213544353835,0.97775704,0.9789613244006583
1.0,0.9361945541566504,0.9923792,0.9978542166582818
1.0,0.9360506458001931,0.975339,0.9727186647672782
0.0,0.648551263176402,0.49434376,0.4378639983940709
0.0,0.7979702702661817,0.6975669,0.6841599579513884
1.0,0.9349508638916871,0.9750738,0.9770613052859798
1.0,0.9354941261428651,0.9784935,0.9872191182384191
1.0,0.9348566088987701,0.9775443,0.9739105668317324
1.0,0.9344175237740914,0.974836,0.9733652141666497
1.0,0.9292319727626782,0.8085831,0.7987677133457818
1.0,0.915327388954923,0.79958344,0.803175964697771
1.0,0.9267691657684639,0.7915622,0.7605746331540443
0.0,0.30421544935209055,0.15526967,0.26230959684222266
1.0,0.861720938011444,0.7988325,0.8722234924057578
1.0,0.8707877407172895,0.85974336,0.919407644872346
1.0,0.8710631133303655,0.8363887,0.9185481597752415
1.0,0.8708053343328368,0.8609351,0.9153412860826956
1.0,0.8709704124016133,0.8363887,0.9185481597752415
1.0,0.8711785378836864,0.8849484,0.9278817811809584
0.0,0.31064870119335974,0.34846216,0.4328673947318423
0.0,0.520504725484739,0.5052611,0.5087021517833337
0.0,0.48857245449038744,0.47250584,0.4677872038889902
1.0,0.8698626449415023,0.8609351,0.9188307850663069
1.0,0.8516042756568525,0.8766744,0.9319857765042941
0.0,0.7847296088457376,0.68320745,0.8101006705501577
1.0,0.8691148113120761,0.85732424,0.8854824746851735
1.0,0.8594893037074034,0.85444957,0.8894643881668458
1.0,0.865975274628049,0.78293234,0.8209832983658496
0.0,0.3450253087386395,0.18171696,0.2651707527267667
0.0,0.377415842403218,0.44347918,0.4646800562061437
0.0,0.38299774102131623,0.44347918,0.4646800562061437
1.0,0.8465014245245874,0.88105536,0.9237810251519338
1.0,0.858053567215781,0.7677921,0.8621723898187565
0.0,0.8659505442328962,0.78935975,0.8443185496316165
0.0,0.3079126575969652,0.35201454,0.5327762296089247
1.0,0.8676894804646189,0.8596832,0.9002163786829928
1.0,0.864627968599234,0.75684637,0.8315007916076856
1.0,0.8662167168348303,0.83614427,0.8514413478965981
0.0,0.3006637128015373,0.15085405,0.26230959684222266
0.0,0.2996749960893996,0.116930574,0.23432165125889473
0.0,0.3027422864351867,0.18651117,0.26230959684222266
0.0,0.30708698100630694,0.34846216,0.4328673947318423
0.0,0.32907356611719873,0.4129821,0.48846460523373975
1.0,0.8693454965482221,0.8609351,0.9153412860826956
1.0,0.8710044063753635,0.8849484,0.9278817811809584
1.0,0.869899238441894,0.8609351,0.9219451862873177
1.0,0.8707794509878981,0.8609351,0.9153412860826956
1.0,0.8709192527401277,0.8363887,0.9185481597752415
1.0,0.7205730067867147,0.6174882,0.5680310626168463
1.0,0.6597300456900179,0.62715805,0.594848933199639
0.0,0.503302451377762,0.4322266,0.33780489646981776
0.0,0.8196783605036163,0.5974293,0.5059640684859757
1.0,0.9179462973081691,0.97012055,0.9882128041303115
1.0,0.918099228255564,0.98860055,0.9925560391985154
1.0,0.917912864676038,0.9867089,0.9877998056749716
0.0,0.8590031248188983,0.77183455,0.8663409791335409
0.0,0.21095257663705635,0.15724029,0.237139136696418
0.0,0.2491990197685143,0.13708694,0.19010015316179354
0.0,0.3013111006347216,0.1534378,0.26230959684222266
0.0,0.30195874587908894,0.18651117,0.26230959684222266
0.0,0.3018021112338434,0.25182885,0.26230959684222266
0.0,0.8060512606473423,0.69144726,0.6980476398764681
1.0,0.8332601519890626,0.85260504,0.8257037292105021
1.0,0.8343243726419345,0.85179615,0.8201708337400234
1.0,0.8674831872757373,0.83614427,0.8767983565457481
1.0,0.41751497750202377,0.44765973,0.42170342910595454
1.0,0.30958154450645486,0.39971083,0.4328673947318423
0.0,0.3021576268784792,0.3226422,0.4224200713053787
0.0,0.30970874586600367,0.39971083,0.48215887675304747
1.0,0.6468939619068642,0.51795125,0.33764934170642424
1.0,0.7946277390685272,0.59360546,0.5807611888332078
1.0,0.8430495068032665,0.7674805,0.7887727866290343
1.0,0.8327104510586948,0.87177294,0.891336976907546
1.0,0.8041182512411418,0.75360614,0.7008495971091613
1.0,0.8368650078718651,0.85260504,0.8344268934168236
0.0,0.29714494774882383,0.4047823,0.4010873599671025
0.0,0.3785003865557877,0.43360108,0.41898130795901967
0.0,0.7313630491251742,0.6085484,0.6053765132617629
0.0,0.3003078486475852,0.13708694,0.21559745216079934
0.0,0.30019759784846295,0.14506909,0.28536725355889286
0.0,0.3023904402743213,0.17178977,0.26230959684222266
0.0,0.30240170117904375,0.17952201,0.25295390720886934
0.0,0.6668902188843787,0.5944393,0.5360845682108215
0.0,0.20658131116219453,0.1351195,0.23977096621039995
0.0,0.29971278036559534,0.15278007,0.20051872546186422
0.0,0.2076968455210799,0.16452149,0.23977096621039995
0.0,0.30413287392094956,0.17952201,0.25295390720886934
0.0,0.30469437024647783,0.15526967,0.26230959684222266
0.0,0.8065784717073637,0.68805635,0.791267653288624
0.0,0.8670201780611294,0.7992384,0.8610567920387033
0.0,0.8580785735070042,0.6856081,0.7794343503705226
1.0,0.8675120124707251,0.83614427,0.8775146351007117
1.0,0.867407722229777,0.8077424,0.8812952672098893
0.0,0.3019970975912107,0.15526967,0.26230959684222266
0.0,0.3020943194442461,0.15526967,0.26230959684222266
0.0,0.30247205020427514,0.15526967,0.26230959684222266
0.0,0.30448878035252513,0.15526967,0.26230959684222266
0.0,0.3036165316798038,0.15282378,0.26230959684222266
0.0,0.3015738843774424,0.15526967,0.26230959684222266
0.0,0.31986099360622305,0.41407287,0.48550761804839776
1.0,0.8699826430487091,0.85672206,0.8857758865734426
1.0,0.8648362111373433,0.8626826,0.9407968761697139
0.0,0.8680554742271693,0.85672206,0.8814258782194819
1.0,0.8654182216403463,0.83614427,0.850598555492984
1.0,0.8703645285015674,0.8609351,0.9153412860826956
1.0,0.8672346596652758,0.8363887,0.9002163786829928
0.0,0.30105325489336127,0.15526967,0.26230959684222266
0.0,0.30140571823491524,0.18650138,0.26230959684222266
0.0,0.303265528609126,0.17952201,0.25295390720886934
1.0,0.8264067989170037,0.69491005,0.7163607550598976
1.0,0.7454384702224957,0.6847737,0.7611231646906298
0.0,0.3058354346692735,0.15526967,0.26230959684222266
0.0,0.3129406816892208,0.1858137,0.26120107465517717
0.0,0.31139146220527136,0.41370523,0.48215887675304747
0.0,0.3129111856626401,0.1528491,0.26120107465517717
1.0,0.6874423399659176,0.6847737,0.9023282942841265
0.0,0.7774986678028329,0.68724257,0.7446795594920773
1.0,0.7984239608567947,0.68805635,0.7167944563962075
1.0,0.7222614348826913,0.6847737,0.9326001530988498
0.0,0.7007418149872947,0.59919167,0.7396342653129958
1.0,0.8569262966020605,0.7830254,0.8664404260996977
1.0,0.8538664187304595,0.8309154,0.8698782900514598
1.0,0.8633900286237188,0.7677921,0.8146820269800262
1.0,0.855748520101089,0.7028407,0.7794343503705226
1.0,0.8698385021427261,0.8849484,0.9278817811809584
1.0,0.8699997226610976,0.8609351,0.8857758865734426
1.0,0.8703220100811324,0.85974336,0.919407644872346
0.0,0.3117291160583664,0.40758845,0.48215887675304747
0.0,0.3086546430611197,0.15278007,0.27663275027392703
0.0,0.3242076567468291,0.14450702,0.19873946375957083
0.0,0.30649288646949235,0.17689836,0.26230959684222266
1.0,0.8403773932775057,0.6904779,0.7909147329836212
1.0,0.852483702002849,0.8309154,0.8691240153641445
1.0,0.8439930255100457,0.85507536,0.9162248589373079
1.0,0.8646287875166352,0.8590741,0.8896564640803575
1.0,0.9177125240495334,0.9692327,0.9901227637345824
1.0,0.9173706876706184,0.9835238,0.9947529937329461
1.0,0.9170782978209303,0.98794335,0.9929207877430332
1.0,0.9177690723422327,0.98246026,0.9862186962529199
1.0,0.9168344227303237,0.98870987,0.9893930914302614
0.0,0.4194750763553044,0.44765973,0.42170342910595454
1.0,0.8111639491099248,0.6960872,0.8270714851255007
0.0,0.8502687551547293,0.76513,0.8597361591702856
1.0,0.7960918247535854,0.68805635,0.7446795594920773
0.0,0.303722220205821,0.17952201,0.25951482491285105
0.0,0.3155020549814251,0.3808346,0.4328673947318423
0.0,0.3156670287263667,0.39971083,0.4328673947318423
0.0,0.3017242903686013,0.18651117,0.26230959684222266
1.0,0.3201230466858263,0.35655192,0.5308754125324682
0.0,0.5280091181767365,0.50949097,0.4890775056435159
0.0,0.34887217731811176,0.41709065,0.4261312063648193
0.0,0.3355129123115061,0.38483307,0.5254962603252906
0.0,0.32351569132442953,0.41781583,0.4862737595372291
0.0,0.5548225249370808,0.62930465,0.8690660191611042
0.0,0.6639397103515842,0.6136983,0.5768018154320922
1.0,0.8704689174741477,0.8590741,0.8854824746851735
1.0,0.8499181280322052,0.8304107,0.7331124442972873
1.0,0.8703146005883696,0.8590741,0.8854824746851735
1.0,0.8709647375080402,0.85974336,0.919407644872346
1.0,0.8708973778119863,0.8417867,0.9185481597752415
1.0,0.8710970500395665,0.8363887,0.9185481597752415
1.0,0.8711295643148098,0.8849484,0.9278817811809584
0.0,0.3091194809414549,0.16341922,0.2882716082119391
0.0,0.4042789455480257,0.37030795,0.3096538730778752
0.0,0.604778150419479,0.6183046,0.8697041606249405
1.0,0.8050707563397395,0.62504745,0.5922947460971982
1.0,0.8148513885521143,0.73313826,0.6285939923726082
0.0,0.7635292881005528,0.60591996,0.38409391762111217
1.0,0.8280984546107849,0.834734,0.8206049263469952
1.0,0.3873860778435137,0.4329008,0.4703608392988519
0.0,0.8379958228153478,0.76145285,0.5912429543419959
1.0,0.8566870798196331,0.7365412,0.8200894033040915
0.0,0.5875511142073646,0.6183046,0.632799352644877
0.0,0.39927962282036417,0.34000224,0.398663497685872
1.0,0.9180304304389877,0.9841011,0.9844651089481353
1.0,0.9172787578395982,0.9469111,0.9711027569527494
1.0,0.9178997527124934,0.98478276,0.9924907282506307
1.0,0.9177865727645441,0.9858825,0.9826973862869581
1.0,0.34583778256366765,0.41709065,0.4454320971582837
0.0,0.6663548380198754,0.62259346,0.6515802113882049
0.0,0.48929759420834723,0.47250584,0.46719026261744273
0.0,0.7611345740770725,0.6174882,0.5125224956340838
0.0,0.3184871562771018,0.41370523,0.48215887675304747
0.0,0.36396813781360216,0.44536915,0.44628556191994306
0.0,0.3061115087692107,0.17952201,0.25295390720886934
1.0,0.7844635011837205,0.68320745,0.80360387241995
1.0,0.8595932005792235,0.85444957,0.8894643881668458
1.0,0.7072570450785305,0.6096292,0.6368928773371014
1.0,0.7362948191377874,0.69285136,0.9461373114565524
1.0,0.8675454560996881,0.8077424,0.8767983565457481
0.0,0.8690843226374468,0.85732424,0.8854824746851735
0.0,0.30188170394673963,0.19177726,0.26230959684222266
0.0,0.3010412873620161,0.15526967,0.26230959684222266
1.0,0.30542249114469855,0.15526967,0.26230959684222266
0.0,0.3040467843090563,0.25182885,0.26230959684222266
0.0,0.48890947452762035,0.47250584,0.4439446094934581
0.0,0.838797036987045,0.60766774,0.46253955429279797
1.0,0.8705638870407925,0.85672206,0.8857758865734426
1.0,0.8157946182420187,0.8266815,0.7612215582048164
1.0,0.8707902368631628,0.8363887,0.9185481597752415
1.0,0.8707443354833592,0.8609351,0.9219451862873177
0.0,0.30533032430539714,0.18651117,0.26230959684222266
0.0,0.31191790000843045,0.3808346,0.4328673947318423
0.0,0.35333126969559897,0.44536915,0.4646800562061437
1.0,0.8703817573063505,0.8609351,0.9153412860826956
1.0,0.8626815594763201,0.8849484,0.948395418364934
1.0,0.8696074572820034,0.8590741,0.8854824746851735
1.0,0.8581340935931252,0.76513,0.8594783553299931
1.0,0.8700374321412534,0.8609351,0.9219451862873177
1.0,0.8610454712484835,0.7741378,0.8690604317967627
1.0,0.7975282210116362,0.6840269,0.8210270185363199
1.0,0.8358687363368363,0.8030206,0.6717129631747849
1.0,0.869123734716151,0.8609351,0.9188307850663069
1.0,0.8703669456583448,0.8849484,0.9278817811809584
1.0,0.8705149513030342,0.85974336,0.919407644872346
1.0,0.8705358316457552,0.8849484,0.9236283740700975
1.0,0.8686465068440911,0.85672206,0.8814258782194819
1.0,0.9176879662453047,0.9690776,0.9779085901276257
1.0,0.9179912956613516,0.98229563,0.9879332697418952
1.0,0.9175160362701895,0.9840119,0.9928944767506217
1.0,0.9176603228674532,0.9706458,0.9906271290450402
1.0,0.9181342322209937,0.98401964,0.991917992836642
1.0,0.917967010925894,0.9787556,0.9876614329066644
0.0,0.8488910896158961,0.8228438,0.8650860014239661
0.0,0.8354439203560543,0.7400685,0.6223767122148637
0.0,0.3026266120998137,0.15746227,0.42308419757411725
0.0,0.2645874049946302,0.18651117,0.23292841148935992
1.0,0.8574747674023913,0.8454252,0.8894643881668458
1.0,0.303446107014323,0.18355478,0.25951482491285105
1.0,0.33491513289156316,0.4129821,0.48846460523373975
0.0,0.31479463055930124,0.15326549,0.21318867739802091
1.0,0.7866765347855599,0.5968863,0.48343966602421967
0.0,0.325400878160197,0.4457487,0.42571255179037526
1.0,0.8250778680611403,0.7740862,0.7972118762279069
1.0,0.7495161229097418,0.69285136,0.943972692890931
1.0,0.869345027302116,0.85974336,0.919407644872346
1.0,0.8694066449224306,0.8536246,0.887065286075191
1.0,0.8669034903671384,0.83614427,0.8767983565457481
1.0,0.870508519028622,0.8363887,0.9185481597752415
1.0,0.8710863031625037,0.8849484,0.9278817811809584
0.0,0.3009104610627597,0.15842798,0.26230959684222266
0.0,0.24480889563812466,0.15526967,0.23292841148935992
0.0,0.30335852811268116,0.17689836,0.26230959684222266
0.0,0.3015435591413697,0.14506909,0.26230959684222266
0.0,0.3032663798324514,0.24726093,0.45481512637363564
1.0,0.4493448858668285,0.48267958,0.49460402488181415
0.0,0.5206610444246237,0.5258163,0.5087021517833337
1.0,0.7419178982618708,0.5968863,0.5988526784246961
1.0,0.3270096711160742,0.19107467,0.19873946375957083
0.0,0.40127766330347736,0.44955316,0.4412164065423067
1.0,0.3025706556698576,0.17952201,0.25295390720886934
0.0,0.3063297812624924,0.31361115,0.4006683930005685
0.0,0.4244060674408334,0.4462757,0.481932020790909
0.0,0.22554833483793882,0.31934664,0.3634245756489984
0.0,0.31530981150138876,0.33159527,0.5439642946101352
0.0,0.3097307959622761,0.41370523,0.48215887675304747
0.0,0.664994227064176,0.6076455,0.6090261999988829
1.0,0.6578412745723244,0.6067453,0.5360845682108215
0.0,0.5354293965084185,0.50221646,0.456497904994123
1.0,0.8625168605023699,0.79436517,0.850598555492984
1.0,0.8540824136186043,0.85444957,0.8882463837437538
1.0,0.8117033588728819,0.7993959,0.706818642596709
1.0,0.8652183780527094,0.8849484,0.9484910209938321
1.0,0.8707417533304688,0.8849484,0.9278817811809584
1.0,0.8564184031848422,0.858157,0.9399962417593053
1.0,0.8624890816336888,0.8507782,0.9321818747793956
1.0,0.8607899361734057,0.857603,0.9006731442369064
1.0,0.30416028488307195,0.25182885,0.26230959684222266
0.0,0.30438275185431374,0.18355478,0.25951482491285105
0.0,0.3032683656614928,0.17689836,0.26230959684222266
0.0,0.3568417467349018,0.43756995,0.49921741143076115
1.0,0.9148450608928623,0.917546,0.9098822849683025
1.0,0.9147382255241598,0.9027789,0.9537762670557254
1.0,0.9161473016459836,0.9590646,0.9565545426234742
1.0,0.9157042022597537,0.98478276,0.9897076897002555
1.0,0.5371752299604775,0.44348738,0.3534565924201467
0.0,0.8633928637114106,0.84643674,0.8576196225346259
0.0,0.8612076255785526,0.77183455,0.8663409791335409
0.0,0.30314482767491,0.18355478,0.25951482491285105
0.0,0.3075792363634843,0.34846216,0.4328673947318423
0.0,0.30115587179906717,0.18355478,0.25951482491285105
1.0,0.35032830458392755,0.44536915,0.4646800562061437
0.0,0.30684032894605834,0.35267887,0.4328673947318423
0.0,0.3734275605883978,0.44300866,0.43267283989669825
0.0,0.5357634709366169,0.6109141,0.589979243442428
0.0,0.30822986839707806,0.37261623,0.46184495560318906
0.0,0.5213822048704894,0.50949097,0.4890775056435159
0.0,0.3496440798035664,0.44955316,0.5188357558584555
0.0,0.30827067310921186,0.117943875,0.2266540152397892
1.0,0.20913286359602584,0.15367682,0.23096746282297898
1.0,0.3070199057537445,0.35201454,0.4343983089218575
0.0,0.211991989136572,0.15724029,0.237139136696418
1.0,0.3892086483698286,0.47057906,0.4053991195063042
1.0,0.8701937614132477,0.8590741,0.8854824746851735
1.0,0.8706495198483788,0.85974336,0.919407644872346
1.0,0.870890370106846,0.85974336,0.919407644872346
0.0,0.21051652145872946,0.15985581,0.23977096621039995
0.0,0.30126967344363914,0.1534378,0.26230959684222266
0.0,0.3028541320522757,0.15526967,0.26230959684222266
0.0,0.3066662600532576,0.17952201,0.2882716082119391
1.0,0.7132877918154559,0.6968182,0.9059415308950599
0.0,0.8090615590394833,0.6840269,0.8340307075347209
1.0,0.60232920694983,0.53348064,0.6695491530774453
0.0,0.832492139823342,0.6960872,0.8195988479785461
0.0,0.3059047927216871,0.24726093,0.49339235010521765
0.0,0.30269230377448403,0.17689836,0.26230959684222266
0.0,0.3022937308319196,0.15282378,0.26230959684222266
0.0,0.3056125964976213,0.1534378,0.26230959684222266
0.0,0.30234879709192874,0.15526967,0.26230959684222266
0.0,0.302705800717104,0.18651117,0.26230959684222266
0.0,0.35031765065812914,0.41818455,0.4475265719752183
0.0,0.5613435094307209,0.46598366,0.4525730716742812
0.0,0.4605485354772316,0.4560417,0.4728786640885671
0.0,0.5233742168117785,0.4420897,0.4482539767234461
1.0,0.8701208133943144,0.8609351,0.9219451862873177
0.0,0.8700927240287797,0.8417867,0.919407644872346
1.0,0.8696611653210506,0.8590741,0.8854824746851735
0.0,0.30156125261329086,0.14960162,0.33633262971488503
0.0,0.3010132678169824,0.15842798,0.26230959684222266
0.0,0.3006314887346685,0.15842798,0.26230959684222266
0.0,0.3039328928009832,0.14506909,0.26230959684222266
0.0,0.30164630270268583,0.13289651,0.21559745216079934
0.0,0.30108831182501367,0.15526967,0.26230959684222266
0.0,0.3028814998256517,0.18355478,0.25951482491285105
1.0,0.6952586961184603,0.6847737,0.9023282942841265
0.0,0.4354094787915284,0.43158212,0.35061536995152737
1.0,0.8317883003451513,0.6840269,0.8195988479785461
0.0,0.30068444576542924,0.15842798,0.26230959684222266
0.0,0.3017203127144193,0.17952201,0.33643004700356555
0.0,0.30204204910357607,0.18196422,0.26230959684222266
0.0,0.3051518095916592,0.25182885,0.26230959684222266
0.0,0.3038287029964982,0.18651117,0.26230959684222266
0.0,0.3021285860563208,0.18196422,0.26230959684222266
0.0,0.31387787766611663,0.37101054,0.6320793661216765
1.0,0.8594022756865233,0.70135593,0.7368195442394165
1.0,0.8623110883096383,0.85974336,0.9436117870310752
1.0,0.8437698959915524,0.7807763,0.7877369742831487
1.0,0.8661610569380978,0.85732424,0.8556912587083787
1.0,0.8616850840252153,0.7992384,0.8803558530284024
0.0,0.3028523602911152,0.15282378,0.26230959684222266
0.0,0.3066846057890696,0.31361115,0.4006683930005685
0.0,0.31202454411635033,0.15223701,0.27663275027392703
0.0,0.30200674864042126,0.14506909,0.26230959684222266
0.0,0.3070861936141792,0.25182885,0.2882716082119391
0.0,0.30045661431097664,0.099698044,0.21601508520127774
0.0,0.31181155710004005,0.35201454,0.6320793661216765
1.0,0.7721522382435335,0.700652,0.8007959420909301
1.0,0.8615218594923248,0.857603,0.9006731442369064
1.0,0.865123825251844,0.855932,0.8861656369071375
1.0,0.8524512147786029,0.8311661,0.926487420274093
1.0,0.858454691038512,0.84885275,0.8767405818293695
0.0,0.4684323305583624,0.47250584,0.4570069644296725
0.0,0.5809359327531866,0.50438106,0.5445175398546986
0.0,0.45669124646294906,0.47627357,0.4760784417774422
0.0,0.7420961218028123,0.6110824,0.5663553382743223
0.0,0.8557659288240896,0.7677921,0.8551315232324886
0.0,0.3057698115506036,0.31361115,0.4006683930005685
0.0,0.32620081325674527,0.17114487,0.19873946375957083
0.0,0.31395689266993193,0.40758845,0.47011962116683037
1.0,0.8403212818960403,0.8315522,0.8169645365362532
1.0,0.917722360443091,0.98096967,0.9917217723722411
0.0,0.30798484720491953,0.34846216,0.4328673947318423
0.0,0.49955165567867027,0.47250584,0.44830069636150793
0.0,0.35232275897472165,0.35751495,0.39090263905667616
0.0,0.6111324342716573,0.6183046,0.8557107296511365
0.0,0.8604618739186587,0.75684637,0.7963167893507214
0.0,0.8475483697212898,0.7830254,0.8252700272389868
0.0,0.31381472578503405,0.1858137,0.26120107465517717
0.0,0.30048634143347447,0.14960162,0.33633262971488503
0.0,0.30537563606921575,0.35201454,0.4343983089218575
0.0,0.3009809924989486,0.18196422,0.26230959684222266
0.0,0.30073871462980867,0.13708694,0.22385004457179197
0.0,0.30037386230445073,0.13708694,0.22385004457179197
0.0,0.3004194360744855,0.15526967,0.28536725355889286
0.0,0.3021879148710821,0.18650138,0.26230959684222266
0.0,0.33976685377095756,0.41528717,0.4659291756120721
0.0,0.30699869805988095,0.18651117,0.2882716082119391
0.0,0.3510061811382697,0.15107186,0.12117009415462936
0.0,0.3903906402755533,0.44765973,0.44521470654997336
0.0,0.3724735001494154,0.45309368,0.4704056777419461
0.0,0.3661058125785345,0.39175624,0.41386725194296226
0.0,0.36276839636865654,0.17800775,0.12032096011770012
0.0,0.3637720897732258,0.17800775,0.12032096011770012
0.0,0.38190889064315525,0.45678097,0.4700067261512441
0.0,0.3665817201680747,0.1868107,0.12032096011770012
0.0,0.3650690414379652,0.18201406,0.12267389258168641
0.0,0.8834143066272375,0.73518115,0.7961581298811082
0.0,0.8712361772039487,0.683468,0.698910752019704
1.0,0.8957497881196176,0.845323,0.8683856014559443
1.0,0.8975130728982545,0.8693249,0.8355544515406716
0.0,0.3614321882029164,0.24578008,0.12032096011770012
0.0,0.3604625474980368,0.15107186,0.12032096011770012
0.0,0.3606979437676161,0.14110099,0.12032096011770012
0.0,0.3608915253520359,0.1868107,0.12032096011770012
0.0,0.36130932964031653,0.18164077,0.12032096011770012
0.0,0.36166465719870716,0.1868107,0.12032096011770012
0.0,0.3672341370215476,0.39175624,0.41386725194296226
1.0,0.885972652160952,0.6698312,0.6964561090440662
1.0,0.781995021159574,0.6050149,0.3922975890214181
0.0,0.6627862628257944,0.4784797,0.671423019756861
1.0,0.7750857590328822,0.70472026,0.7196985710182522
1.0,0.8852202458573576,0.76286316,0.7774510356732582
0.0,0.3605333507085547,0.1868107,0.12032096011770012
0.0,0.362606850757116,0.18201406,0.12267389258168641
1.0,0.8814381044890119,0.76286316,0.8186973506180019
1.0,0.884463782414292,0.8446478,0.8801014368076702
0.0,0.3649324602237975,0.18201406,0.12267389258168641
0.0,0.36923811769757536,0.18201406,0.12286878333715559
0.0,0.3671385319049641,0.24578008,0.12051262626937186
0.0,0.5338263543389142,0.49056685,0.48010483601651394
0.0,0.361732904230819,0.18165036,0.12032096011770012
0.0,0.49237481407634204,0.48267958,0.4760784417774422
0.0,0.46329677953574483,0.39106563,0.3244291495317892
1.0,0.8277125012830792,0.6840269,0.7634853273332649
0.0,0.7209715562336525,0.6034914,0.4378846208690815
1.0,0.8462390813024161,0.7225367,0.605368935065022
0.0,0.8304095279396402,0.5691437,0.5253410360086278
1.0,0.8879708051331799,0.7426878,0.8588204797739537
1.0,0.8600739704033185,0.6795359,0.623460642699297
1.0,0.8924210742448769,0.8436984,0.8635394172347729
0.0,0.3628056549985105,0.1868107,0.12032096011770012
0.0,0.3626379847690753,0.11221829,0.10845669225332369
0.0,0.36509485325627233,0.15107186,0.12032096011770012
0.0,0.3625401790303049,0.17223503,0.12032096011770012
0.0,0.36617013705089485,0.32224837,0.2980738432409758
0.0,0.3632603960326557,0.14675486,0.12032096011770012
0.0,0.3637443172654157,0.1868107,0.12032096011770012
0.0,0.4142662312956037,0.4915922,0.49460402488181415
0.0,0.3646174332511402,0.18165036,0.12032096011770012
1.0,0.9092544810151347,0.8939859,0.893250294589289
0.0,0.8376481278093673,0.7429617,0.7761637795719412
0.0,0.40458295833660474,0.3931489,0.45560914502986466
0.0,0.8423228573758379,0.612865,0.6017210128833382
0.0,0.4051791701317168,0.4586233,0.4668730760585559
0.0,0.521873176502555,0.45461693,0.3786188433227851
0.0,0.37435983502895553,0.17800775,0.12051262626937186
0.0,0.3952619876350092,0.3329953,0.32226668086738613
0.0,0.8599926772292216,0.69506055,0.7721834442235873
0.0,0.36445296339244776,0.24534616,0.4028220907731823
0.0,0.3662202224764048,0.3329953,0.4684754739673834
0.0,0.36057757184534656,0.17719609,0.12032096011770012
0.0,0.360986097937493,0.16723372,0.12032096011770012
0.0,0.36284646992498876,0.18201406,0.12267389258168641
0.0,0.3635360035890889,0.18706223,0.3662074149200157
0.0,0.39110816995821945,0.45974025,0.459954975451782
0.0,0.3633837778900266,0.14110099,0.12032096011770012
0.0,0.3900702654371459,0.16110858,0.16765868766428157
0.0,0.5560275117506449,0.47053015,0.3596131830627431
0.0,0.7463478812533433,0.6174882,0.502269160366985
0.0,0.8289953747815745,0.60766774,0.46253955429279797
1.0,0.8655715449627428,0.8849484,0.936332327690323
0.0,0.8705976198096628,0.85672206,0.8857758865734426
1.0,0.8705971914809316,0.85672206,0.8857758865734426
1.0,0.8709220163130862,0.85974336,0.919407644872346
0.0,0.3198942464846005,0.41407287,0.47739151862546636
0.0,0.30738179179005654,0.31934664,0.4006683930005685
0.0,0.2494543642792575,0.42521244,0.46927197552366934
0.0,0.3156797675956393,0.39971083,0.5058972991532911
1.0,0.8681400372913339,0.8536246,0.882757882556931
0.0,0.8637779538891388,0.7992384,0.8803558530284024
0.0,0.30190133930586105,0.14960162,0.39195871035854496
0.0,0.30151513560007875,0.18651117,0.26230959684222266
0.0,0.3008143969405558,0.14960162,0.33633262971488503
0.0,0.3019012258488792,0.15282378,0.26230959684222266
0.0,0.30390281196816016,0.15526967,0.26230959684222266
0.0,0.3021750928776809,0.1503063,0.40499961343826213
0.0,0.3177700485851682,0.41407287,0.47739151862546636
1.0,0.7486168988935675,0.5968863,0.4951314095661969
0.0,0.8654616919768436,0.8558644,0.9120540856891745
1.0,0.8465636770553484,0.8158637,0.6641764918522192
0.0,0.3126768761234379,0.33159527,0.5439642946101352
0.0,0.33083293376681316,0.32303628,0.5190452904620647
0.0,0.2950113285621523,0.19107467,0.179280128444148
0.0,0.33574226101060095,0.3337965,0.28962991789737447
0.0,0.3844208975270051,0.44347918,0.4646800562061437
0.0,0.3053348123210456,0.1503063,0.3743757674112162
0.0,0.7198996943887437,0.6085484,0.6091463287599541
0.0,0.30796550563211955,0.13289651,0.2384304563794932
0.0,0.3100766206249947,0.18650138,0.26230959684222266
0.0,0.26824971160017885,0.15282378,0.23292841148935992
0.0,0.7482204062686708,0.69285136,0.9338042929893101
0.0,0.8620105045134754,0.7617513,0.8246023714707659
1.0,0.8703963617761643,0.8609351,0.9153412860826956
1.0,0.8695473487864598,0.8590741,0.8854824746851735
1.0,0.8709644990817025,0.88069135,0.9265943722499607
0.0,0.7358890054267729,0.69285136,0.8985589041210204
0.0,0.7807477983409071,0.68805635,0.7446795594920773
0.0,0.5790837464298867,0.53009915,0.6696506481317596
0.0,0.48685522275902277,0.47812176,0.47722980334981513
0.0,0.7238930814360279,0.61659294,0.666880563749052
1.0,0.9171925854542226,0.9464052,0.9716251557145833
0.0,0.2773853592862812,0.26346573,0.256995511750168
0.0,0.24041962125562252,0.41521198,0.4068519527274582
0.0,0.6237089547154337,0.62715805,0.8668747799609997
0.0,0.7912190097215991,0.6233823,0.599968918294566
0.0,0.7813045691577226,0.6233823,0.6757348984553057
0.0,0.8061350772099524,0.8266815,0.7097021998801675
0.0,0.4768007075976992,0.49250934,0.49460402488181415
0.0,0.6767357984435444,0.62715805,0.6433816318402458
0.0,0.315957034143751,0.35231408,0.5503705647395025
0.0,0.6113141882663056,0.6183046,0.8579359082446604
0.0,0.3407369161774573,0.3147023,0.2694344841546455
0.0,0.6588303199674678,0.6987151,0.7249919902636088
1.0,0.8008592526849546,0.5968863,0.4720956680694256
1.0,0.8182927819310042,0.6840269,0.7189003755483275
0.0,0.6239382826972076,0.5340667,0.6733981148335064
